index,name,size,type,alignment,armor_class_type,armor_class_value,hit_points,hit_dice,strength,dexterity,constitution,intelligence,wisdom,charisma,languages,challenge_rating,proficiency_bonus,xp,image,speed_walk,speed_swim,proficiency_saving_throw_con,proficiency_saving_throw_int,proficiency_saving_throw_wis,proficiency_skill_history,proficiency_skill_perception,proficiency_skill_medicine,proficiency_skill_religion,speed_fly,proficiency_saving_throw_dex,proficiency_saving_throw_cha,proficiency_skill_stealth,speed_burrow,proficiency_skill_persuasion,proficiency_skill_insight,speed_climb,proficiency_skill_deception,proficiency_skill_arcana,speed_hover,proficiency_skill_athletics,proficiency_skill_acrobatics,proficiency_saving_throw_str,proficiency_skill_survival,proficiency_skill_investigation,proficiency_skill_nature,proficiency_skill_intimidation,proficiency_skill_performance
aboleth,Aboleth,Large,aberration,lawful evil,,,135,18d10,21,9,15,18,15,18,"Deep Speech, telepathy 120 ft.",10,4,5900,/api/images/monsters/aboleth.png,10 ft.,40 ft.,6,8,6,12,10,,,,,,,,,,,,,,,,,,,,,
acolyte,Acolyte,Medium,humanoid,any alignment,,,9,2d8,10,10,10,10,14,11,any one language (usually Common),0.25,2,50,/api/images/monsters/acolyte.png,30 ft.,,,,,,,4,2,,,,,,,,,,,,,,,,,,,
adult-black-dragon,Adult Black Dragon,Huge,dragon,chaotic evil,,,195,17d12,23,14,21,14,13,17,"Common, Draconic",14,5,11500,/api/images/monsters/adult-black-dragon.png,40 ft.,40 ft.,10,,6,,11,,,80 ft.,7,8,7,,,,,,,,,,,,,,,
adult-blue-dragon,Adult Blue Dragon,Huge,dragon,lawful evil,,,225,18d12,25,10,23,16,15,19,"Common, Draconic",16,5,15000,,40 ft.,,11,,7,,12,,,80 ft.,5,9,5,30 ft.,,,,,,,,,,,,,,
adult-brass-dragon,Adult Brass Dragon,Huge,dragon,chaotic good,,,172,15d12,23,10,21,14,13,17,"Common, Draconic",13,5,10000,,40 ft.,,10,,6,7,11,,,80 ft.,5,8,5,40 ft.,8,,,,,,,,,,,,,
adult-bronze-dragon,Adult Bronze Dragon,Huge,dragon,lawful good,,,212,17d12,25,10,23,16,15,19,"Common, Draconic",15,5,13000,,40 ft.,40 ft.,11,,7,,12,,,80 ft.,5,9,5,,,7,,,,,,,,,,,,
adult-copper-dragon,Adult Copper Dragon,Huge,dragon,chaotic good,,,184,16d12,23,12,21,18,15,17,"Common, Draconic",14,5,11500,,40 ft.,,10,,7,,12,,,80 ft.,6,8,6,,,,40 ft.,8,,,,,,,,,,
adult-gold-dragon,Adult Gold Dragon,Huge,dragon,lawful good,,,256,19d12,27,14,25,16,15,24,"Common, Draconic",17,6,18000,,40 ft.,40 ft.,13,,8,,14,,,80 ft.,8,13,8,,13,8,,,,,,,,,,,,
adult-green-dragon,Adult Green Dragon,Huge,dragon,lawful evil,,,207,18d12,23,12,21,18,15,17,"Common, Draconic",15,5,13000,,40 ft.,40 ft.,10,,7,,12,,,80 ft.,6,8,6,,8,7,,8,,,,,,,,,,
adult-red-dragon,Adult Red Dragon,Huge,dragon,chaotic evil,,,256,19d12,27,10,25,16,13,21,"Common, Draconic",17,6,18000,,40 ft.,,13,,7,,13,,,80 ft.,6,11,6,,,,40 ft.,,,,,,,,,,,
adult-silver-dragon,Adult Silver Dragon,Huge,dragon,lawful good,,,243,18d12,27,10,25,16,13,21,"Common, Draconic",16,5,15000,,40 ft.,,12,,6,8,11,,,80 ft.,5,10,5,,,,,,8,,,,,,,,,
adult-white-dragon,Adult White Dragon,Huge,dragon,chaotic evil,,,200,16d12,22,10,22,8,12,12,"Common, Draconic",13,5,10000,,40 ft.,40 ft.,11,,6,,11,,,80 ft.,5,6,5,30 ft.,,,,,,,,,,,,,,
air-elemental,Air Elemental,Large,elemental,neutral,,,90,12d10,14,20,14,6,10,6,Auran,5,3,1800,/api/images/monsters/air-elemental.png,,,,,,,,,,90 ft.,,,,,,,,,,true,,,,,,,,
ancient-black-dragon,Ancient Black Dragon,Gargantuan,dragon,chaotic evil,,,367,21d20,27,14,25,16,15,19,"Common, Draconic",21,7,33000,/api/images/monsters/ancient-black-dragon.png,40 ft.,40 ft.,14,,9,,16,,,80 ft.,9,11,9,,,,,,,,,,,,,,,
ancient-blue-dragon,Ancient Blue Dragon,Gargantuan,dragon,lawful evil,,,481,26d20,29,10,27,18,17,21,"Common, Draconic",23,7,50000,,40 ft.,,15,,10,,17,,,80 ft.,7,12,7,40 ft.,,,,,,,,,,,,,,
ancient-brass-dragon,Ancient Brass Dragon,Gargantuan,dragon,chaotic good,,,297,17d20,27,10,25,16,15,19,"Common, Draconic",20,6,25000,,40 ft.,,13,,8,9,14,,,80 ft.,6,10,6,40 ft.,10,,,,,,,,,,,,,
ancient-bronze-dragon,Ancient Bronze Dragon,Gargantuan,dragon,lawful good,,,444,24d20,29,10,27,18,17,21,"Common, Draconic",22,7,41000,,40 ft.,40 ft.,15,,10,,17,,,80 ft.,7,12,7,,,10,,,,,,,,,,,,
ancient-copper-dragon,Ancient Copper Dragon,Gargantuan,dragon,chaotic good,,,350,20d20,27,12,25,20,17,19,"Common, Draconic",21,7,33000,,40 ft.,,14,,10,,17,,,80 ft.,8,11,8,,,,40 ft.,11,,,,,,,,,,
ancient-gold-dragon,Ancient Gold Dragon,Gargantuan,dragon,lawful good,,,546,28d20,30,14,29,18,17,28,"Common, Draconic",24,7,62000,,40 ft.,40 ft.,16,,10,,17,,,80 ft.,9,16,9,,16,10,,,,,,,,,,,,
ancient-green-dragon,Ancient Green Dragon,Gargantuan,dragon,lawful evil,,,385,22d20,27,12,25,20,17,19,"Common, Draconic",22,7,41000,,40 ft.,40 ft.,14,,10,,17,,,80 ft.,8,11,8,,11,10,,11,,,,,,,,,,
ancient-red-dragon,Ancient Red Dragon,Gargantuan,dragon,chaotic evil,,,546,28d20,30,10,29,18,15,23,"Common, Draconic",24,7,62000,,40 ft.,,16,,9,,16,,,80 ft.,7,13,7,,,,40 ft.,,,,,,,,,,,
ancient-silver-dragon,Ancient Silver Dragon,Gargantuan,dragon,lawful good,,,487,25d20,30,10,29,18,15,23,"Common, Draconic",23,7,50000,,40 ft.,,16,,9,11,16,,,80 ft.,7,13,7,,,,,,11,,,,,,,,,
ancient-white-dragon,Ancient White Dragon,Gargantuan,dragon,chaotic evil,,,333,18d20,26,10,26,10,13,14,"Common, Draconic",20,6,25000,,40 ft.,40 ft.,14,,7,,13,,,80 ft.,6,8,6,40 ft.,,,,,,,,,,,,,,
androsphinx,Androsphinx,Large,monstrosity,lawful neutral,,,199,19d10,22,10,20,16,18,23,"Common, Sphinx",17,6,18000,,40 ft.,,11,9,10,,10,,15,60 ft.,6,,,,,,,,9,,,,,,,,,
animated-armor,Animated Armor,Medium,construct,unaligned,,,33,6d8,14,11,13,1,3,1,,1,2,200,/api/images/monsters/animated-armor.png,25 ft.,,,,,,,,,,,,,,,,,,,,,,,,,,,
ankheg,Ankheg,Large,monstrosity,unaligned,,,39,6d10,17,11,13,1,13,6,,2,2,250,/api/images/monsters/ankheg.png,30 ft.,,,,,,,,,,,,,10 ft.,,,,,,,,,,,,,,
ape,Ape,Medium,beast,unaligned,,,19,3d8,16,14,14,6,12,7,,0.5,2,100,/api/images/monsters/ape.png,30 ft.,,,,,,3,,,,,,,,,,30 ft.,,,,5,,,,,,,
archmage,Archmage,Medium,humanoid,any alignment,,,99,18d8,10,14,12,20,15,16,any six languages,12,4,8400,/api/images/monsters/archmage.png,30 ft.,,,9,6,13,,,,,,,,,,,,,13,,,,,,,,,
assassin,Assassin,Medium,humanoid,any non-good alignment,,,78,12d8,11,16,14,13,11,10,Thieves' cant plus any two languages,8,3,3900,/api/images/monsters/assassin.png,30 ft.,,,4,,,3,,,,6,,9,,,,,3,,,,6,,,,,,
awakened-shrub,Awakened Shrub,Small,plant,unaligned,,,10,3d6,3,8,11,10,10,6,one language known by its creator,0,2,10,/api/images/monsters/awakened-shrub.png,20 ft.,,,,,,,,,,,,,,,,,,,,,,,,,,,
awakened-tree,Awakened Tree,Huge,plant,unaligned,,,59,7d12,19,6,15,10,10,7,one language known by its creator,2,2,450,/api/images/monsters/awakened-tree.png,20 ft.,,,,,,,,,,,,,,,,,,,,,,,,,,,
axe-beak,Axe Beak,Large,beast,unaligned,,,19,3d10,14,12,12,2,10,5,,0.25,2,50,/api/images/monsters/axe-beak.png,50 ft.,,,,,,,,,,,,,,,,,,,,,,,,,,,
azer,Azer,Medium,elemental,lawful neutral,,,39,6d8,17,12,15,12,13,10,Ignan,2,2,450,,30 ft.,,4,,,,,,,,,,,,,,,,,,,,,,,,,
baboon,Baboon,Small,beast,unaligned,,,3,1d6,8,14,11,4,12,6,,0,2,10,,30 ft.,,,,,,,,,,,,,,,,30 ft.,,,,,,,,,,,
badger,Badger,Tiny,beast,unaligned,,,3,1d4,4,11,12,2,12,5,,0,2,10,,20 ft.,,,,,,,,,,,,,5 ft.,,,,,,,,,,,,,,
balor,Balor,Huge,fiend,chaotic evil,,,262,21d12,26,15,22,20,16,22,"Abyssal, telepathy 120 ft.",19,6,22000,,40 ft.,,12,,9,,,,,80 ft.,,12,,,,,,,,,,,14,,,,,
bandit-captain,Bandit Captain,Medium,humanoid,any non-lawful alignment,,,65,10d8,15,16,14,14,11,14,any two languages,2,2,450,,30 ft.,,,,2,,,,,,5,,,,,,,4,,,4,,4,,,,,
bandit,Bandit,Medium,humanoid,any non-lawful alignment,,,11,2d8,11,12,12,10,10,10,any one language (usually Common),0.125,2,25,,30 ft.,,,,,,,,,,,,,,,,,,,,,,,,,,,
barbed-devil,Barbed Devil,Medium,fiend,lawful evil,,,110,13d8,16,17,18,12,14,14,"Infernal, telepathy 120 ft.",5,3,1800,,30 ft.,,7,,5,,8,,,,,5,,,,5,,5,,,,,6,,,,,
basilisk,Basilisk,Medium,monstrosity,unaligned,,,52,8d8,16,8,15,2,8,7,,3,2,700,,20 ft.,,,,,,,,,,,,,,,,,,,,,,,,,,,
bat,Bat,Tiny,beast,unaligned,,,1,1d4,2,15,8,2,12,4,,0,2,10,,5 ft.,,,,,,,,,30 ft.,,,,,,,,,,,,,,,,,,
bearded-devil,Bearded Devil,Medium,fiend,lawful evil,,,52,8d8,16,15,15,9,11,11,"Infernal, telepathy 120 ft.",3,2,700,,30 ft.,,4,,2,,,,,,,,,,,,,,,,,,5,,,,,
behir,Behir,Huge,monstrosity,neutral evil,,,168,16d12,23,16,18,7,14,12,Draconic,11,4,7200,,50 ft.,,,,,,6,,,,,,7,,,,40 ft.,,,,,,,,,,,
berserker,Berserker,Medium,humanoid,any chaotic alignment,,,67,9d8,16,12,17,9,11,9,any one language (usually Common),2,2,450,,30 ft.,,,,,,,,,,,,,,,,,,,,,,,,,,,
black-bear,Black Bear,Medium,beast,unaligned,,,19,3d8,15,10,14,2,12,7,,0.5,2,100,,40 ft.,,,,,,,,,,,,,,,,30 ft.,,,,,,,,,,,
black-dragon-wyrmling,Black Dragon Wyrmling,Medium,dragon,chaotic evil,,,33,6d8,15,14,13,10,11,13,Draconic,2,2,450,/api/images/monsters/black-dragon-wyrmling.png,30 ft.,30 ft.,3,,2,,4,,,60 ft.,4,3,4,,,,,,,,,,,,,,,
black-pudding,Black Pudding,Large,ooze,unaligned,,,85,10d10,16,5,16,1,6,1,,4,2,1100,,20 ft.,,,,,,,,,,,,,,,,20 ft.,,,,,,,,,,,
blink-dog,Blink Dog,Medium,fey,lawful good,,,22,4d8,12,17,12,10,13,11,"Blink Dog, understands Sylvan but can't speak it",0.25,2,50,,40 ft.,,,,,,3,,,,,,5,,,,,,,,,,,,,,,
blood-hawk,Blood Hawk,Small,beast,unaligned,,,7,2d6,6,14,10,3,14,5,,0.125,2,25,,10 ft.,,,,,,4,,,60 ft.,,,,,,,,,,,,,,,,,,
blue-dragon-wyrmling,Blue Dragon Wyrmling,Medium,dragon,lawful evil,,,52,8d8,17,10,15,12,11,15,Draconic,3,2,700,,30 ft.,,4,,2,,4,,,60 ft.,2,4,2,15 ft.,,,,,,,,,,,,,,
boar,Boar,Medium,beast,unaligned,,,11,2d8,13,11,12,2,9,5,,0.25,2,50,,40 ft.,,,,,,,,,,,,,,,,,,,,,,,,,,,
bone-devil,Bone Devil,Large,fiend,lawful evil,,,142,15d10,18,16,18,13,14,16,"Infernal, telepathy 120 ft.",9,4,5000,,40 ft.,,,5,6,,,,,40 ft.,,7,,,,6,,7,,,,,,,,,,
brass-dragon-wyrmling,Brass Dragon Wyrmling,Medium,dragon,chaotic good,,,16,3d8,15,10,13,10,11,13,Draconic,1,2,100,,30 ft.,,3,,2,,4,,,60 ft.,2,3,2,15 ft.,,,,,,,,,,,,,,
bronze-dragon-wyrmling,Bronze Dragon Wyrmling,Medium,dragon,lawful good,,,32,5d8,17,10,15,12,11,15,Draconic,2,2,450,,30 ft.,30 ft.,4,,2,,4,,,60 ft.,2,4,2,,,,,,,,,,,,,,,
brown-bear,Brown Bear,Large,beast,unaligned,,,34,4d10,19,10,16,2,13,7,,1,2,200,,40 ft.,,,,,,3,,,,,,,,,,30 ft.,,,,,,,,,,,
bugbear,Bugbear,Medium,humanoid,chaotic evil,,,27,5d8,15,14,13,8,11,9,"Common, Goblin",1,2,200,,30 ft.,,,,,,,,,,,,6,,,,,,,,,,,2,,,,
bulette,Bulette,Large,monstrosity,unaligned,,,94,9d10,19,11,21,2,10,5,,5,3,1800,,40 ft.,,,,,,6,,,,,,,40 ft.,,,,,,,,,,,,,,
camel,Camel,Large,beast,unaligned,,,15,2d10,16,8,14,2,8,5,,0.125,2,25,,50 ft.,,,,,,,,,,,,,,,,,,,,,,,,,,,
cat,Cat,Tiny,beast,unaligned,,,2,1d4,3,15,10,3,12,7,,0,2,10,,40 ft.,,,,,,3,,,,,,4,,,,30 ft.,,,,,,,,,,,
centaur,Centaur,Large,monstrosity,neutral good,,,45,6d10,18,14,14,9,13,11,"Elvish, Sylvan",2,2,450,,50 ft.,,,,,,3,,,,,,,,,,,,,,6,,,3,,,,
chain-devil,Chain Devil,Medium,fiend,lawful evil,,,85,10d8,18,15,18,11,12,14,"Infernal, telepathy 120 ft.",8,3,3900,,30 ft.,,7,,4,,,,,,,5,,,,,,,,,,,,,,,,
chimera,Chimera,Large,monstrosity,chaotic evil,,,114,12d10,19,11,19,3,14,10,understands Draconic but can't speak,6,3,2300,,30 ft.,,,,,,8,,,60 ft.,,,,,,,,,,,,,,,,,,
chuul,Chuul,Large,aberration,chaotic evil,,,93,11d10,19,10,16,5,11,5,understands Deep Speech but can't speak,4,2,1100,,30 ft.,30 ft.,,,,,4,,,,,,,,,,,,,,,,,,,,,
clay-golem,Clay Golem,Large,construct,unaligned,,,133,14d10,20,9,18,3,8,1,understands the languages of its creator but can't speak,9,4,5000,,20 ft.,,,,,,,,,,,,,,,,,,,,,,,,,,,
cloaker,Cloaker,Large,aberration,chaotic neutral,,,78,12d10,17,15,12,13,12,14,"Deep Speech, Undercommon",8,3,3900,,10 ft.,,,,,,,,,40 ft.,,,5,,,,,,,,,,,,,,,
cloud-giant,Cloud Giant,Huge,giant,neutral good (50%) or neutral evil (50%),,,200,16d12,27,10,22,12,16,16,"Common, Giant",9,4,5000,,40 ft.,,10,,7,,7,,,,,7,,,,7,,,,,,,,,,,,
cockatrice,Cockatrice,Small,monstrosity,unaligned,,,27,6d6,6,12,12,2,13,5,,0.5,2,100,,20 ft.,,,,,,,,,40 ft.,,,,,,,,,,,,,,,,,,
commoner,Commoner,Medium,humanoid,any alignment,,,4,1d8,10,10,10,10,10,10,any one language (usually Common),0,2,10,,30 ft.,,,,,,,,,,,,,,,,,,,,,,,,,,,
constrictor-snake,Constrictor Snake,Large,beast,unaligned,,,13,2d10,15,14,12,1,10,3,,0.25,2,50,,30 ft.,30 ft.,,,,,,,,,,,,,,,,,,,,,,,,,,
copper-dragon-wyrmling,Copper Dragon Wyrmling,Medium,dragon,chaotic good,,,22,4d8,15,12,13,14,11,13,Draconic,1,2,200,,30 ft.,,3,,2,,4,,,60 ft.,3,3,3,,,,30 ft.,,,,,,,,,,,
couatl,Couatl,Medium,celestial,lawful good,,,97,13d8,16,20,17,18,20,18,"all, telepathy 120 ft.",4,2,1100,,30 ft.,,5,,7,,,,,90 ft.,,6,,,,,,,,,,,,,,,,
crab,Crab,Tiny,beast,unaligned,,,2,1d4,2,11,10,1,8,2,,0,2,10,,20 ft.,20 ft.,,,,,,,,,,,2,,,,,,,,,,,,,,,
crocodile,Crocodile,Large,beast,unaligned,,,19,3d10,15,10,13,2,10,5,,0.5,2,100,/api/images/monsters/crocodile.png,20 ft.,20 ft.,,,,,,,,,,,2,,,,,,,,,,,,,,,
cult-fanatic,Cult Fanatic,Medium,humanoid,any non-good alignment,,,22,6d8,11,14,12,10,13,14,any one language (usually Common),2,2,450,,30 ft.,,,,,,,,2,,,,,,4,,,4,,,,,,,,,,
cultist,Cultist,Medium,humanoid,any non-good alignment,,,9,2d8,11,12,10,10,11,10,any one language (usually Common),0.125,2,25,,30 ft.,,,,,,,,2,,,,,,,,,2,,,,,,,,,,
darkmantle,Darkmantle,Small,monstrosity,unaligned,,,22,5d6,16,12,13,2,10,5,,0.5,2,100,,10 ft.,,,,,,,,,30 ft.,,,3,,,,,,,,,,,,,,,
death-dog,Death Dog,Medium,monstrosity,neutral evil,,,39,6d8,15,14,14,3,13,6,,1,2,200,,40 ft.,,,,,,5,,,,,,4,,,,,,,,,,,,,,,
deep-gnome-svirfneblin,Deep Gnome (Svirfneblin),Small,humanoid,neutral good,,,16,3d6,15,14,14,12,10,9,"Gnomish, Terran, Undercommon",0.5,2,50,,20 ft.,,,,,,2,,,,,,4,,,,,,,,,,,,3,,,
deer,Deer,Medium,beast,unaligned,,,4,1d8,11,16,11,2,14,5,,0,2,10,,50 ft.,,,,,,,,,,,,,,,,,,,,,,,,,,,
deva,Deva,Medium,celestial,lawful good,,,136,16d8,18,18,18,17,20,20,"all, telepathy 120 ft.",10,4,5900,,30 ft.,,,,9,,9,,,90 ft.,,9,,,,9,,,,,,,,,,,,
dire-wolf,Dire Wolf,Large,beast,unaligned,,,37,5d10,17,15,15,3,12,7,,1,2,200,,50 ft.,,,,,,3,,,,,,4,,,,,,,,,,,,,,,
djinni,Djinni,Large,elemental,chaotic good,,,161,14d10,21,15,22,15,16,20,Auran,11,4,7200,,30 ft.,,,,7,,,,,90 ft.,6,9,,,,,,,,,,,,,,,,
doppelganger,Doppelganger,Medium,monstrosity,unaligned,,,52,8d8,11,18,14,11,12,14,Common,3,2,700,,30 ft.,,,,,,,,,,,,,,,3,,6,,,,,,,,,,
draft-horse,Draft Horse,Large,beast,unaligned,,,19,3d10,18,10,12,2,11,7,,0.25,2,50,,40 ft.,,,,,,,,,,,,,,,,,,,,,,,,,,,
dragon-turtle,Dragon Turtle,Gargantuan,dragon,neutral,,,341,22d20,25,10,20,10,12,12,"Aquan, Draconic",17,6,18000,,20 ft.,40 ft.,11,,7,,,,,,6,,,,,,,,,,,,,,,,,
dretch,Dretch,Small,fiend,chaotic evil,,,18,4d6,11,11,12,5,8,3,"Abyssal, telepathy 60 ft. (works only with creatures that understand Abyssal)",0.25,2,25,,20 ft.,,,,,,,,,,,,,,,,,,,,,,,,,,,
drider,Drider,Large,monstrosity,chaotic evil,,,123,13d10,16,16,18,13,14,12,"Elvish, Undercommon",6,3,2300,,30 ft.,,,,,,5,,,,,,9,,,,30 ft.,,,,,,,,,,,
drow,Drow,Medium,humanoid,neutral evil,,,13,3d8,10,14,10,11,11,12,"Elvish, Undercommon",0.25,2,50,,30 ft.,,,,,,2,,,,,,4,,,,,,,,,,,,,,,
druid,Druid,Medium,humanoid,any alignment,,,27,5d8,10,12,13,12,15,11,Druidic plus any two languages,2,2,450,,30 ft.,,,,,,4,4,,,,,,,,,,,,,,,,,,3,,
dryad,Dryad,Medium,fey,neutral,,,22,5d8,10,12,11,14,15,18,"Elvish, Sylvan",1,2,200,/api/images/monsters/dryad.png,30 ft.,,,,,,4,,,,,,5,,,,,,,,,,,,,,,
duergar,Duergar,Medium,humanoid,lawful evil,,,26,4d8,14,11,14,11,10,9,"Dwarvish, Undercommon",1,2,200,,25 ft.,,,,,,,,,,,,,,,,,,,,,,,,,,,
dust-mephit,Dust Mephit,Small,elemental,neutral evil,,,17,5d6,5,14,10,9,11,10,"Auran, Terran",0.5,2,100,,30 ft.,,,,,,2,,,30 ft.,,,4,,,,,,,,,,,,,,,
eagle,Eagle,Small,beast,unaligned,,,3,1d6,6,15,10,2,14,7,,0,2,10,,10 ft.,,,,,,4,,,60 ft.,,,,,,,,,,,,,,,,,,
earth-elemental,Earth Elemental,Large,elemental,neutral,,,126,12d10,20,8,20,5,10,5,Terran,5,3,1800,/api/images/monsters/earth-elemental.png,30 ft.,,,,,,,,,,,,,30 ft.,,,,,,,,,,,,,,
efreeti,Efreeti,Large,elemental,lawful evil,,,200,16d10,22,12,24,16,15,16,Ignan,11,4,7200,,40 ft.,,,7,6,,,,,60 ft.,,7,,,,,,,,,,,,,,,,
elephant,Elephant,Huge,beast,unaligned,,,76,8d12,22,9,17,3,11,6,,4,2,1100,,40 ft.,,,,,,,,,,,,,,,,,,,,,,,,,,,
elk,Elk,Large,beast,unaligned,,,13,2d10,16,10,12,2,10,6,,0.25,2,50,,50 ft.,,,,,,,,,,,,,,,,,,,,,,,,,,,
erinyes,Erinyes,Medium,fiend,lawful evil,,,153,18d8,18,16,18,14,14,18,"Infernal, telepathy 120 ft.",12,4,8400,,30 ft.,,8,,6,,,,,60 ft.,7,8,,,,,,,,,,,,,,,,
ettercap,Ettercap,Medium,monstrosity,neutral evil,,,44,8d8,14,15,13,7,12,8,,2,2,450,,30 ft.,,,,,,3,,,,,,4,,,,30 ft.,,,,,,,3,,,,
ettin,Ettin,Large,giant,chaotic evil,,,85,10d10,21,8,17,6,10,8,"Giant, Orc",4,2,1100,,40 ft.,,,,,,4,,,,,,,,,,,,,,,,,,,,,
fire-elemental,Fire Elemental,Large,elemental,neutral,,,102,12d10,10,17,16,6,10,7,Ignan,5,3,1800,,50 ft.,,,,,,,,,,,,,,,,,,,,,,,,,,,
fire-giant,Fire Giant,Huge,giant,lawful evil,,,162,13d12,25,9,23,10,14,13,Giant,9,4,5000,,30 ft.,,10,,,,6,,,,3,5,,,,,,,,,11,,,,,,,
flesh-golem,Flesh Golem,Medium,construct,neutral,,,93,11d8,19,9,18,6,10,5,understands the languages of its creator but can't speak,5,3,1800,,30 ft.,,,,,,,,,,,,,,,,,,,,,,,,,,,
flying-snake,Flying Snake,Tiny,beast,unaligned,,,5,2d4,4,18,11,2,12,5,,0.125,2,25,,30 ft.,30 ft.,,,,,,,,60 ft.,,,,,,,,,,,,,,,,,,
flying-sword,Flying Sword,Small,construct,unaligned,,,17,5d6,12,15,11,1,5,1,,0.25,2,50,,0 ft.,,,,,,,,,50 ft.,4,,,,,,,,,true,,,,,,,,
frog,Frog,Tiny,beast,unaligned,,,1,1d4,1,13,8,1,8,3,,0,2,0,,20 ft.,20 ft.,,,,,1,,,,,,3,,,,,,,,,,,,,,,
frost-giant,Frost Giant,Huge,giant,neutral evil,,,138,12d12,23,9,21,9,10,12,Giant,8,3,3900,,40 ft.,,8,,3,,3,,,,,4,,,,,,,,,9,,,,,,,
gargoyle,Gargoyle,Medium,elemental,chaotic evil,,,52,7d8,15,11,16,6,11,7,Terran,2,2,450,,30 ft.,,,,,,,,,60 ft.,,,,,,,,,,,,,,,,,,
gelatinous-cube,Gelatinous Cube,Large,ooze,unaligned,,,84,8d10,14,3,20,1,6,1,,2,2,450,,15 ft.,,,,,,,,,,,,,,,,,,,,,,,,,,,
ghast,Ghast,Medium,undead,chaotic evil,,,36,8d8,16,17,10,11,10,8,Common,2,2,450,,30 ft.,,,,,,,,,,,,,,,,,,,,,,,,,,,
ghost,Ghost,Medium,undead,any alignment,,,45,10d8,7,13,10,10,12,17,any languages it knew in life,4,2,1100,,0 ft.,,,,,,,,,40 ft.,,,,,,,,,,true,,,,,,,,
ghoul,Ghoul,Medium,undead,chaotic evil,,,22,5d8,13,15,10,7,10,6,Common,1,2,200,,30 ft.,,,,,,,,,,,,,,,,,,,,,,,,,,,
giant-ape,Giant Ape,Huge,beast,unaligned,,,157,15d12,23,14,18,7,12,7,,7,3,2900,,40 ft.,,,,,,4,,,,,,,,,,40 ft.,,,,9,,,,,,,
giant-badger,Giant Badger,Medium,beast,unaligned,,,13,2d8,13,10,15,2,12,5,,0.25,2,50,,30 ft.,,,,,,,,,,,,,10 ft.,,,,,,,,,,,,,,
giant-bat,Giant Bat,Large,beast,unaligned,,,22,4d10,15,16,11,2,12,6,,0.25,2,50,,10 ft.,,,,,,,,,60 ft.,,,,,,,,,,,,,,,,,,
giant-boar,Giant Boar,Large,beast,unaligned,,,42,5d10,17,10,16,2,7,5,,2,2,450,,40 ft.,,,,,,,,,,,,,,,,,,,,,,,,,,,
giant-centipede,Giant Centipede,Small,beast,unaligned,,,4,1d6,5,14,12,1,7,3,,0.25,2,50,,30 ft.,,,,,,,,,,,,,,,,30 ft.,,,,,,,,,,,
giant-constrictor-snake,Giant Constrictor Snake,Huge,beast,unaligned,,,60,8d12,19,14,12,1,10,3,,2,2,450,,30 ft.,30 ft.,,,,,2,,,,,,,,,,,,,,,,,,,,,
giant-crab,Giant Crab,Medium,beast,unaligned,,,13,3d8,13,15,11,1,9,3,,0.125,2,25,,30 ft.,30 ft.,,,,,,,,,,,4,,,,,,,,,,,,,,,
giant-crocodile,Giant Crocodile,Huge,beast,unaligned,,,85,9d12,21,9,17,2,10,7,,5,3,1800,,30 ft.,50 ft.,,,,,,,,,,,5,,,,,,,,,,,,,,,
giant-eagle,Giant Eagle,Large,beast,neutral good,,,26,4d10,16,17,13,8,14,10,"Giant Eagle, understands Common and Auran but can't speak",1,2,200,,10 ft.,,,,,,4,,,80 ft.,,,,,,,,,,,,,,,,,,
giant-elk,Giant Elk,Huge,beast,unaligned,,,42,5d12,19,16,14,7,14,10,"Giant Elk, understands Common, Elvish, and Sylvan but can't speak",2,2,450,,60 ft.,,,,,,4,,,,,,,,,,,,,,,,,,,,,
giant-fire-beetle,Giant Fire Beetle,Small,beast,unaligned,,,4,1d6,8,10,12,1,7,3,,0,2,10,,30 ft.,,,,,,,,,,,,,,,,,,,,,,,,,,,
giant-frog,Giant Frog,Medium,beast,unaligned,,,18,4d8,12,13,11,2,10,3,,0.25,2,50,,30 ft.,30 ft.,,,,,2,,,,,,3,,,,,,,,,,,,,,,
giant-goat,Giant Goat,Large,beast,unaligned,,,19,3d10,17,11,12,3,12,6,,0.5,2,100,,40 ft.,,,,,,,,,,,,,,,,,,,,,,,,,,,
giant-hyena,Giant Hyena,Large,beast,unaligned,,,45,6d10,16,14,14,2,12,7,,1,2,200,,50 ft.,,,,,,3,,,,,,,,,,,,,,,,,,,,,
giant-lizard,Giant Lizard,Large,beast,unaligned,,,19,3d10,15,12,13,2,10,5,,0.25,2,50,,30 ft.,,,,,,,,,,,,,,,,30 ft.,,,,,,,,,,,
giant-octopus,Giant Octopus,Large,beast,unaligned,,,52,8d10,17,13,13,4,10,4,,1,2,200,,10 ft.,60 ft.,,,,,4,,,,,,5,,,,,,,,,,,,,,,
giant-owl,Giant Owl,Large,beast,neutral,,,19,3d10,13,15,12,8,13,10,"Giant Owl, understands Common, Elvish, and Sylvan but can't speak",0.25,2,50,,5 ft.,,,,,,5,,,60 ft.,,,4,,,,,,,,,,,,,,,
giant-poisonous-snake,Giant Poisonous Snake,Medium,beast,unaligned,,,11,2d8,10,18,13,2,10,3,,0.25,2,50,,30 ft.,30 ft.,,,,,2,,,,,,,,,,,,,,,,,,,,,
giant-rat-diseased,Giant Rat (Diseased),Small,beast,unaligned,,,7,2d6,7,15,11,2,10,4,,0.125,2,25,,30 ft.,,,,,,,,,,,,,,,,,,,,,,,,,,,
giant-rat,Giant Rat,Small,beast,unaligned,,,7,2d6,7,15,11,2,10,4,,0.125,2,25,,30 ft.,,,,,,,,,,,,,,,,,,,,,,,,,,,
giant-scorpion,Giant Scorpion,Large,beast,unaligned,,,52,7d10,15,13,15,1,9,3,,3,2,700,,40 ft.,,,,,,,,,,,,,,,,,,,,,,,,,,,
giant-sea-horse,Giant Sea Horse,Large,beast,unaligned,,,16,3d10,12,15,11,2,12,5,,0.5,2,100,,0 ft.,40 ft.,,,,,,,,,,,,,,,,,,,,,,,,,,
giant-shark,Giant Shark,Huge,beast,unaligned,,,126,11d12,23,11,21,1,10,5,,5,3,1800,,,50 ft.,,,,,3,,,,,,,,,,,,,,,,,,,,,
giant-spider,Giant Spider,Large,beast,unaligned,,,26,4d10,14,16,12,2,11,4,,1,2,200,,30 ft.,,,,,,,,,,,,7,,,,30 ft.,,,,,,,,,,,
giant-toad,Giant Toad,Large,beast,unaligned,,,39,6d10,15,13,13,2,10,3,,1,2,200,,20 ft.,40 ft.,,,,,,,,,,,,,,,,,,,,,,,,,,
giant-vulture,Giant Vulture,Large,beast,neutral evil,,,22,3d10,15,10,15,6,12,7,understands Common but can't speak,1,2,200,,10 ft.,,,,,,3,,,60 ft.,,,,,,,,,,,,,,,,,,
giant-wasp,Giant Wasp,Medium,beast,unaligned,,,13,3d8,10,14,10,1,10,3,,0.5,2,100,,10 ft.,50 ft.,,,,,,,,50 ft.,,,,,,,,,,,,,,,,,,
giant-weasel,Giant Weasel,Medium,beast,unaligned,,,9,2d8,11,16,10,4,12,5,,0.125,2,25,,40 ft.,,,,,,3,,,,,,5,,,,,,,,,,,,,,,
giant-wolf-spider,Giant Wolf Spider,Medium,beast,unaligned,,,11,2d8,12,16,13,3,12,4,,0.25,2,50,,40 ft.,,,,,,3,,,,,,7,,,,40 ft.,,,,,,,,,,,
gibbering-mouther,Gibbering Mouther,Medium,aberration,neutral,,,67,9d8,10,8,16,3,10,6,,2,2,450,,10 ft.,10 ft.,,,,,,,,,,,,,,,,,,,,,,,,,,
glabrezu,Glabrezu,Large,fiend,chaotic evil,,,157,15d10,20,15,21,19,17,16,"Abyssal, telepathy 120 ft.",9,4,5000,,40 ft.,,9,,7,,,,,,,7,,,,,,,,,,,9,,,,,
gladiator,Gladiator,Medium,humanoid,any alignment,,,112,15d8,18,15,16,10,12,15,any one language (usually Common),5,3,1800,,30 ft.,,6,,,,,,,,5,,,,,,,,,,10,,7,,,,5,
gnoll,Gnoll,Medium,humanoid,chaotic evil,,,22,5d8,14,12,11,6,10,7,Gnoll,0.5,2,100,,30 ft.,,,,,,,,,,,,,,,,,,,,,,,,,,,
goat,Goat,Medium,beast,unaligned,,,4,1d8,12,10,11,2,10,5,,0,2,10,,40 ft.,,,,,,,,,,,,,,,,,,,,,,,,,,,
goblin,Goblin,Small,humanoid,neutral evil,,,7,2d6,8,14,10,10,8,8,"Common, Goblin",0.25,2,50,/api/images/monsters/goblin.png,30 ft.,,,,,,,,,,,,6,,,,,,,,,,,,,,,
gold-dragon-wyrmling,Gold Dragon Wyrmling,Medium,dragon,lawful good,,,60,8d8,19,14,17,14,11,16,Draconic,3,2,700,,30 ft.,30 ft.,5,,2,,4,,,60 ft.,4,5,4,,,,,,,,,,,,,,,
gorgon,Gorgon,Large,monstrosity,unaligned,,,114,12d10,20,11,18,2,12,7,,5,3,1800,,40 ft.,,,,,,4,,,,,,,,,,,,,,,,,,,,,
gray-ooze,Gray Ooze,Medium,ooze,unaligned,,,22,3d8,12,6,16,1,6,2,,0.5,2,100,,10 ft.,,,,,,,,,,,,2,,,,10 ft.,,,,,,,,,,,
green-dragon-wyrmling,Green Dragon Wyrmling,Medium,dragon,lawful evil,,,38,7d8,15,12,13,14,11,13,Draconic,2,2,450,,30 ft.,30 ft.,3,,2,,4,,,60 ft.,3,3,3,,,,,,,,,,,,,,,
green-hag,Green Hag,Medium,fey,neutral evil,,,82,11d8,18,12,16,13,14,14,"Common, Draconic, Sylvan",3,2,700,,30 ft.,,,,,,4,,,,,,3,,,,,4,3,,,,,,,,,
grick,Grick,Medium,monstrosity,neutral,,,27,6d8,14,14,11,3,14,5,,2,2,450,,30 ft.,,,,,,,,,,,,,,,,30 ft.,,,,,,,,,,,
griffon,Griffon,Large,monstrosity,unaligned,,,59,7d10,18,15,16,2,13,8,,2,2,450,,30 ft.,,,,,,5,,,80 ft.,,,,,,,,,,,,,,,,,,
grimlock,Grimlock,Medium,humanoid,neutral evil,,,11,2d8,16,12,12,9,8,6,Undercommon,0.25,2,50,,30 ft.,,,,,,3,,,,,,3,,,,,,,,5,,,,,,,
guard,Guard,Medium,humanoid,any alignment,,,11,2d8,13,12,12,10,11,10,any one language (usually Common),0.125,2,25,,30 ft.,,,,,,2,,,,,,,,,,,,,,,,,,,,,
guardian-naga,Guardian Naga,Large,monstrosity,lawful good,,,127,15d10,19,18,16,16,19,18,"Celestial, Common",10,4,5900,,40 ft.,,7,7,8,,,,,,8,8,,,,,,,,,,,,,,,,
gynosphinx,Gynosphinx,Large,monstrosity,lawful neutral,,,136,16d10,18,15,16,18,18,18,"Common, Sphinx",11,4,7200,,40 ft.,,,,,12,8,,8,60 ft.,,,,,,,,,12,,,,,,,,,
half-red-dragon-veteran,Half-Red Dragon Veteran,Medium,humanoid,any alignment,,,65,10d8,16,13,14,10,11,10,"Common, Draconic",5,3,1800,,30 ft.,,,,,,,,,,,,,,,,,,,,,,,,,,,
harpy,Harpy,Medium,monstrosity,chaotic evil,,,38,7d8,12,13,12,7,10,13,Common,1,2,200,,20 ft.,,,,,,,,,40 ft.,,,,,,,,,,,,,,,,,,
hawk,Hawk,Tiny,beast,unaligned,,,1,1d4,5,16,8,2,14,6,,0,2,10,,10 ft.,,,,,,4,,,60 ft.,,,,,,,,,,,,,,,,,,
hell-hound,Hell Hound,Medium,fiend,lawful evil,,,45,7d8,17,12,14,6,13,6,understands Infernal but can't speak it,3,2,700,,50 ft.,,,,,,5,,,,,,,,,,,,,,,,,,,,,
hezrou,Hezrou,Large,fiend,chaotic evil,,,136,13d10,19,17,20,5,12,13,"Abyssal, telepathy 120 ft.",8,3,3900,,30 ft.,,8,,4,,,,,,,,,,,,,,,,,,7,,,,,
hill-giant,Hill Giant,Huge,giant,chaotic evil,,,105,10d12,21,8,19,5,9,6,Giant,5,3,1800,,40 ft.,,,,,,2,,,,,,,,,,,,,,,,,,,,,
hippogriff,Hippogriff,Large,monstrosity,unaligned,,,19,3d10,17,13,13,2,12,8,,1,2,200,,40 ft.,,,,,,5,,,60 ft.,,,,,,,,,,,,,,,,,,
hobgoblin,Hobgoblin,Medium,humanoid,lawful evil,,,11,2d8,13,12,12,10,10,9,"Common, Goblin",0.5,2,100,,30 ft.,,,,,,,,,,,,,,,,,,,,,,,,,,,
homunculus,Homunculus,Tiny,construct,neutral,,,5,2d4,4,15,11,10,10,7,understands the languages of its creator but can't speak,0,2,10,,20 ft.,,,,,,,,,40 ft.,,,,,,,,,,,,,,,,,,
horned-devil,Horned Devil,Large,fiend,lawful evil,,,178,17d10,22,17,21,12,16,17,"Infernal, telepathy 120 ft.",11,4,7200,,20 ft.,,,,7,,,,,60 ft.,7,7,,,,,,,,,,,10,,,,,
hunter-shark,Hunter Shark,Large,beast,unaligned,,,45,6d10,18,13,15,1,10,4,,2,2,450,,,40 ft.,,,,,2,,,,,,,,,,,,,,,,,,,,,
hydra,Hydra,Huge,monstrosity,unaligned,,,172,15d12,20,12,20,2,10,7,,8,3,3900,,30 ft.,30 ft.,,,,,6,,,,,,,,,,,,,,,,,,,,,
hyena,Hyena,Medium,beast,unaligned,,,5,1d8,11,13,12,2,12,5,,0,2,10,,50 ft.,,,,,,3,,,,,,,,,,,,,,,,,,,,,
ice-devil,Ice Devil,Large,fiend,lawful evil,,,180,19d10,21,14,18,18,15,18,"Infernal, telepathy 120 ft.",14,5,11500,,40 ft.,,9,,7,,,,,,7,9,,,,,,,,,,,,,,,,
ice-mephit,Ice Mephit,Small,elemental,neutral evil,,,21,6d6,7,13,10,9,11,12,"Aquan, Auran",0.5,2,100,,30 ft.,,,,,,2,,,30 ft.,,,3,,,,,,,,,,,,,,,
imp,Imp,Tiny,fiend,lawful evil,,,10,3d4,6,17,13,11,12,14,"Infernal, Common",1,2,200,,20 ft.,,,,,,,,,40 ft.,,,5,,4,3,,4,,,,,,,,,,
invisible-stalker,Invisible Stalker,Medium,elemental,neutral,,,104,16d8,16,19,14,10,15,11,"Auran, understands Common but doesn't speak it",6,3,2300,,50 ft.,,,,,,8,,,50 ft.,,,10,,,,,,,true,,,,,,,,
iron-golem,Iron Golem,Large,construct,unaligned,,,210,20d10,24,9,20,3,11,1,understands the languages of its creator but can't speak,16,5,15000,,30 ft.,,,,,,,,,,,,,,,,,,,,,,,,,,,
jackal,Jackal,Small,beast,unaligned,,,3,1d6,8,15,11,3,12,6,,0,2,10,,40 ft.,,,,,,3,,,,,,,,,,,,,,,,,,,,,
killer-whale,Killer Whale,Huge,beast,unaligned,,,90,12d12,19,10,13,3,12,7,,3,2,700,,,60 ft.,,,,,3,,,,,,,,,,,,,,,,,,,,,
knight,Knight,Medium,humanoid,any alignment,,,52,8d8,16,11,14,11,11,15,any one language (usually Common),3,2,700,,30 ft.,,4,,2,,,,,,,,,,,,,,,,,,,,,,,
kobold,Kobold,Small,humanoid,lawful evil,,,5,2d6,7,15,9,8,7,8,"Common, Draconic",0.125,2,25,,30 ft.,,,,,,,,,,,,,,,,,,,,,,,,,,,
kraken,Kraken,Gargantuan,monstrosity,chaotic evil,,,472,27d20,30,11,25,22,18,20,"understands Abyssal, Celestial, Infernal, and Primordial but can't speak, telepathy 120 ft.",23,7,50000,,20 ft.,60 ft.,14,13,11,,,,,,7,,,,,,,,,,,,17,,,,,
lamia,Lamia,Large,monstrosity,chaotic evil,,,97,13d10,16,13,15,14,15,16,"Abyssal, Common",4,2,1100,,30 ft.,,,,,,,,,,,,3,,,4,,7,,,,,,,,,,
lemure,Lemure,Medium,fiend,lawful evil,,,13,3d8,10,5,11,1,11,3,understands infernal but can't speak,0,2,10,,15 ft.,,,,,,,,,,,,,,,,,,,,,,,,,,,
lich,Lich,Medium,undead,any evil alignment,,,135,18d8,11,16,16,20,14,16,Common plus up to five other languages,21,7,33000,,30 ft.,,10,12,9,12,9,,,,,,,,,9,,,18,,,,,,,,,
lion,Lion,Large,beast,unaligned,,,26,4d10,17,15,13,3,12,8,,1,2,200,,50 ft.,,,,,,3,,,,,,6,,,,,,,,,,,,,,,
lizard,Lizard,Tiny,beast,unaligned,,,2,1d4,2,11,10,1,8,3,,0,2,10,,20 ft.,,,,,,,,,,,,,,,,20 ft.,,,,,,,,,,,
lizardfolk,Lizardfolk,Medium,humanoid,neutral,,,22,4d8,15,10,13,7,12,7,Draconic,0.5,2,100,,30 ft.,30 ft.,,,,,3,,,,,,4,,,,,,,,,,,5,,,,
mage,Mage,Medium,humanoid,any alignment,,,40,9d8,9,14,11,17,12,11,any four languages,6,3,2300,,30 ft.,,,6,4,6,,,,,,,,,,,,,6,,,,,,,,,
magma-mephit,Magma Mephit,Small,elemental,neutral evil,,,22,5d6,8,12,12,7,10,10,"Ignan, Terran",0.5,2,100,,30 ft.,,,,,,,,,30 ft.,,,3,,,,,,,,,,,,,,,
magmin,Magmin,Small,elemental,chaotic neutral,,,9,2d6,7,15,12,8,11,10,Ignan,0.5,2,100,,30 ft.,,,,,,,,,,,,,,,,,,,,,,,,,,,
mammoth,Mammoth,Huge,beast,unaligned,,,126,11d12,24,9,21,3,11,6,,6,3,2300,,40 ft.,,,,,,,,,,,,,,,,,,,,,,,,,,,
manticore,Manticore,Large,monstrosity,lawful evil,,,68,8d10,17,16,17,7,12,8,,3,2,700,,30 ft.,,,,,,,,,50 ft.,,,,,,,,,,,,,,,,,,
marilith,Marilith,Large,fiend,chaotic evil,,,189,18d10,18,20,20,18,16,20,"Abyssal, telepathy 120 ft.",16,5,15000,,40 ft.,,10,,8,,,,,,,10,,,,,,,,,,,9,,,,,
mastiff,Mastiff,Medium,beast,unaligned,,,5,1d8,13,14,12,3,12,7,,0.125,2,25,,40 ft.,,,,,,3,,,,,,,,,,,,,,,,,,,,,
medusa,Medusa,Medium,monstrosity,lawful evil,,,127,17d8,10,15,16,12,13,15,Common,6,3,2300,,30 ft.,,,,,,4,,,,,,5,,,4,,5,,,,,,,,,,
merfolk,Merfolk,Medium,humanoid,neutral,,,11,2d8,10,13,12,11,11,12,"Aquan, Common",0.125,2,25,,10 ft.,40 ft.,,,,,2,,,,,,,,,,,,,,,,,,,,,
merrow,Merrow,Large,monstrosity,chaotic evil,,,45,6d10,18,10,15,8,10,9,"Abyssal, Aquan",2,2,450,,10 ft.,40 ft.,,,,,,,,,,,,,,,,,,,,,,,,,,
mimic,Mimic,Medium,monstrosity,neutral,,,58,9d8,17,12,15,5,13,8,,2,2,450,/api/images/monsters/mimic.png,15 ft.,,,,,,,,,,,,5,,,,,,,,,,,,,,,
minotaur-skeleton,Minotaur Skeleton,Large,undead,lawful evil,,,67,9d10,18,11,15,6,8,5,understands Abyssal but can't speak,2,2,450,,40 ft.,,,,,,,,,,,,,,,,,,,,,,,,,,,
minotaur,Minotaur,Large,monstrosity,chaotic evil,,,76,9d10,18,11,16,6,16,9,Abyssal,3,2,700,,40 ft.,,,,,,7,,,,,,,,,,,,,,,,,,,,,
mule,Mule,Medium,beast,unaligned,,,11,2d8,14,10,13,2,10,5,,0.125,2,25,,40 ft.,,,,,,,,,,,,,,,,,,,,,,,,,,,
mummy-lord,Mummy Lord,Medium,undead,lawful evil,,,97,13d8,18,10,17,11,18,16,the languages it knew in life,15,5,13000,,20 ft.,,8,5,9,5,,,5,,,8,,,,,,,,,,,,,,,,
mummy,Mummy,Medium,undead,lawful evil,,,58,9d8,16,8,15,6,10,12,the languages it knew in life,3,2,700,,20 ft.,,,,2,,,,,,,,,,,,,,,,,,,,,,,
nalfeshnee,Nalfeshnee,Large,fiend,chaotic evil,,,184,16d10,21,10,22,19,12,15,"Abyssal, telepathy 120 ft.",13,5,10000,,20 ft.,,11,9,6,,,,,30 ft.,,7,,,,,,,,,,,,,,,,
night-hag,Night Hag,Medium,fiend,neutral evil,,,112,15d8,18,15,16,16,14,16,"Abyssal, Common, Infernal, Primordial",5,3,1800,,30 ft.,,,,,,6,,,,,,6,,,6,,7,,,,,,,,,,
nightmare,Nightmare,Large,fiend,neutral evil,,,68,8d10,18,15,16,10,13,15,"understands Abyssal, Common, and Infernal but can't speak",3,2,700,,60 ft.,,,,,,,,,90 ft.,,,,,,,,,,,,,,,,,,
noble,Noble,Medium,humanoid,any alignment,,,9,2d8,11,12,11,12,14,16,any two languages,0.125,2,25,,30 ft.,,,,,,,,,,,,,,5,4,,5,,,,,,,,,,
ochre-jelly,Ochre Jelly,Large,ooze,unaligned,,,45,6d10,15,6,14,2,6,1,,2,2,450,,10 ft.,,,,,,,,,,,,,,,,10 ft.,,,,,,,,,,,
octopus,Octopus,Small,beast,unaligned,,,3,1d6,4,15,11,3,10,4,,0,2,10,,5 ft.,30 ft.,,,,,2,,,,,,4,,,,,,,,,,,,,,,
ogre-zombie,Ogre Zombie,Large,undead,neutral evil,,,85,9d10,19,6,18,3,6,5,understands Common and Giant but can't speak,2,2,450,,30 ft.,,,,0,,,,,,,,,,,,,,,,,,,,,,,
ogre,Ogre,Large,giant,chaotic evil,,,59,7d10,19,8,16,5,7,7,"Common, Giant",2,2,450,,40 ft.,,,,,,,,,,,,,,,,,,,,,,,,,,,
oni,Oni,Large,giant,lawful evil,,,110,13d10,19,11,16,14,12,15,"Common, Giant",7,3,2900,,30 ft.,,6,,4,,4,,,30 ft.,3,5,,,,,,8,5,,,,,,,,,
orc,Orc,Medium,humanoid,chaotic evil,,,15,2d8,16,12,16,7,11,10,"Common, Orc",0.5,2,100,,30 ft.,,,,,,,,,,,,,,,,,,,,,,,,,,2,
otyugh,Otyugh,Large,aberration,neutral,,,114,12d10,16,11,19,6,13,6,Otyugh,5,3,1800,,30 ft.,,7,,,,,,,,,,,,,,,,,,,,,,,,,
owl,Owl,Tiny,beast,unaligned,,,1,1d4,3,13,8,2,12,7,,0,2,10,,5 ft.,,,,,,3,,,60 ft.,,,3,,,,,,,,,,,,,,,
owlbear,Owlbear,Large,monstrosity,unaligned,,,59,7d10,20,12,17,3,12,7,,3,2,700,,40 ft.,,,,,,3,,,,,,,,,,,,,,,,,,,,,
panther,Panther,Medium,beast,unaligned,,,13,3d8,14,15,10,3,14,7,,0.25,2,50,,50 ft.,,,,,,4,,,,,,6,,,,40 ft.,,,,,,,,,,,
pegasus,Pegasus,Large,celestial,chaotic good,,,59,7d10,18,15,16,10,15,13,"understands Celestial, Common, Elvish, and Sylvan but can't speak",2,2,450,,60 ft.,,,,4,,6,,,90 ft.,4,3,,,,,,,,,,,,,,,,
phase-spider,Phase Spider,Large,monstrosity,unaligned,,,32,5d10,15,15,12,6,10,6,,3,2,700,,30 ft.,,,,,,,,,,,,6,,,,30 ft.,,,,,,,,,,,
pit-fiend,Pit Fiend,Large,fiend,lawful evil,,,300,24d10,26,14,24,22,18,24,"Infernal, telepathy 120 ft.",20,6,25000,,30 ft.,,13,,10,,,,,60 ft.,8,,,,,,,,,,,,,,,,,
planetar,Planetar,Large,celestial,lawful good,,,200,16d10,24,20,24,19,22,25,"all, telepathy 120 ft.",16,5,15000,,40 ft.,,12,,11,,11,,,120 ft.,,12,,,,,,,,,,,,,,,,
plesiosaurus,Plesiosaurus,Large,beast,unaligned,,,68,8d10,18,15,16,2,12,5,,2,2,450,,20 ft.,40 ft.,,,,,3,,,,,,4,,,,,,,,,,,,,,,
poisonous-snake,Poisonous Snake,Tiny,beast,unaligned,,,2,1d4,2,16,11,1,10,3,,0.125,2,25,,30 ft.,30 ft.,,,,,,,,,,,,,,,,,,,,,,,,,,
polar-bear,Polar Bear,Large,beast,unaligned,,,42,5d10,20,10,16,2,13,7,,2,2,450,,40 ft.,30 ft.,,,,,3,,,,,,,,,,,,,,,,,,,,,
pony,Pony,Medium,beast,unaligned,,,11,2d8,15,10,13,2,11,7,,0.125,2,25,,40 ft.,,,,,,,,,,,,,,,,,,,,,,,,,,,
priest,Priest,Medium,humanoid,any alignment,,,27,5d8,10,10,12,13,16,13,any two languages,2,2,450,,25 ft.,,,,,,,7,4,,,,,,3,,,,,,,,,,,,,
pseudodragon,Pseudodragon,Tiny,dragon,neutral good,,,7,2d4,6,15,13,10,12,10,understands Common and Draconic but can't speak,0.25,2,50,,15 ft.,,,,,,3,,,60 ft.,,,4,,,,,,,,,,,,,,,
purple-worm,Purple Worm,Gargantuan,monstrosity,unaligned,,,247,15d20,28,7,22,1,8,4,,15,5,13000,,50 ft.,,11,,4,,,,,,,,,30 ft.,,,,,,,,,,,,,,
quasit,Quasit,Tiny,fiend,chaotic evil,,,7,3d4,5,17,10,7,10,10,"Abyssal, Common",1,2,200,,40 ft.,,,,,,,,,,,,5,,,,,,,,,,,,,,,
quipper,Quipper,Tiny,beast,unaligned,,,1,1d4,2,16,9,1,7,2,,0,2,10,,,40 ft.,,,,,,,,,,,,,,,,,,,,,,,,,,
rakshasa,Rakshasa,Medium,fiend,lawful evil,,,110,13d8,14,17,18,13,16,20,"Common, Infernal",13,5,10000,,40 ft.,,,,,,,,,,,,,,,8,,10,,,,,,,,,,
rat,Rat,Tiny,beast,unaligned,,,1,1d4,2,11,9,2,10,4,,0,2,10,,20 ft.,,,,,,,,,,,,,,,,,,,,,,,,,,,
raven,Raven,Tiny,beast,unaligned,,,1,1d4,2,14,8,2,12,6,,0,2,10,,10 ft.,,,,,,3,,,50 ft.,,,,,,,,,,,,,,,,,,
red-dragon-wyrmling,Red Dragon Wyrmling,Medium,dragon,chaotic evil,,,75,10d8,19,10,17,12,11,15,Draconic,4,2,1100,,30 ft.,,5,,2,,4,,,60 ft.,2,4,2,,,,30 ft.,,,,,,,,,,,
reef-shark,Reef Shark,Medium,beast,unaligned,,,22,4d8,14,13,13,1,10,4,,0.5,2,100,,,40 ft.,,,,,2,,,,,,,,,,,,,,,,,,,,,
remorhaz,Remorhaz,Huge,monstrosity,unaligned,,,195,17d12,24,13,21,4,10,5,,11,4,7200,,30 ft.,,,,,,,,,,,,,20 ft.,,,,,,,,,,,,,,
rhinoceros,Rhinoceros,Large,beast,unaligned,,,45,6d10,21,8,15,2,12,6,,2,2,450,,40 ft.,,,,,,,,,,,,,,,,,,,,,,,,,,,
riding-horse,Riding Horse,Large,beast,unaligned,,,13,2d10,16,10,12,2,11,7,,0.25,2,25,,60 ft.,,,,,,,,,,,,,,,,,,,,,,,,,,,
roc,Roc,Gargantuan,monstrosity,unaligned,,,248,16d20,28,10,20,3,10,9,,11,4,7200,,20 ft.,,9,,4,,4,,,120 ft.,4,3,,,,,,,,,,,,,,,,
roper,Roper,Large,monstrosity,neutral evil,,,93,11d10,18,8,17,7,16,6,,5,3,1800,,10 ft.,,,,,,6,,,,,,5,,,,10 ft.,,,,,,,,,,,
rug-of-smothering,Rug of Smothering,Large,construct,unaligned,,,33,6d10,17,14,10,1,3,1,,2,2,450,,10 ft.,,,,,,,,,,,,,,,,,,,,,,,,,,,
rust-monster,Rust Monster,Medium,monstrosity,unaligned,,,27,5d8,13,12,13,2,13,6,,0.5,2,100,,40 ft.,,,,,,,,,,,,,,,,,,,,,,,,,,,
saber-toothed-tiger,Saber-Toothed Tiger,Large,beast,unaligned,,,52,7d10,18,14,15,3,12,8,,2,2,450,,40 ft.,,,,,,3,,,,,,6,,,,,,,,,,,,,,,
sahuagin,Sahuagin,Medium,humanoid,lawful evil,,,22,4d8,13,11,12,12,13,9,Sahuagin,0.5,2,100,,30 ft.,40 ft.,,,,,5,,,,,,,,,,,,,,,,,,,,,
salamander,Salamander,Large,elemental,neutral evil,,,90,12d10,18,14,15,11,10,12,Ignan,5,3,1800,,30 ft.,,,,,,,,,,,,,,,,,,,,,,,,,,,
satyr,Satyr,Medium,fey,chaotic neutral,,,31,7d8,12,16,11,12,10,14,"Common, Elvish, Sylvan",0.5,2,100,,40 ft.,,,,,,2,,,,,,5,,,,,,,,,,,,,,,6
scorpion,Scorpion,Tiny,beast,unaligned,,,1,1d4,2,11,8,1,8,2,,0,2,10,,10 ft.,,,,,,,,,,,,,,,,,,,,,,,,,,,
scout,Scout,Medium,humanoid,any alignment,,,16,3d8,11,14,12,11,13,11,any one language (usually Common),0.5,2,100,,30 ft.,,,,,,5,,,,,,6,,,,,,,,,,,5,,4,,
sea-hag,Sea Hag,Medium,fey,chaotic evil,,,52,7d8,16,13,16,12,12,13,"Aquan, Common, Giant",2,2,450,,30 ft.,40 ft.,,,,,,,,,,,,,,,,,,,,,,,,,,
sea-horse,Sea Horse,Tiny,beast,unaligned,,,1,1d4,1,12,8,1,10,2,,0,2,0,,,20 ft.,,,,,,,,,,,,,,,,,,,,,,,,,,
shadow,Shadow,Medium,undead,chaotic evil,,,16,3d8,6,14,13,6,10,8,,0.5,2,100,,40 ft.,,,,,,,,,,,,4,,,,,,,,,,,,,,,
shambling-mound,Shambling Mound,Large,plant,unaligned,,,136,16d10,18,8,16,5,10,5,,5,3,1800,,20 ft.,20 ft.,,,,,,,,,,,2,,,,,,,,,,,,,,,
shield-guardian,Shield Guardian,Large,construct,unaligned,,,142,15d10,18,8,18,7,10,3,understands commands given in any language but can't speak,7,3,2900,,30 ft.,,,,,,,,,,,,,,,,,,,,,,,,,,,
shrieker,Shrieker,Medium,plant,unaligned,,,13,3d8,1,1,10,1,3,1,,0,2,10,,0 ft.,,,,,,,,,,,,,,,,,,,,,,,,,,,
silver-dragon-wyrmling,Silver Dragon Wyrmling,Medium,dragon,lawful good,,,45,6d8,19,10,17,12,11,15,Draconic,2,2,450,,30 ft.,,5,,2,,4,,,60 ft.,2,4,2,,,,,,,,,,,,,,,
skeleton,Skeleton,Medium,undead,lawful evil,,,13,2d8,10,14,15,6,8,5,understands all languages it spoke in life but can't speak,0.25,2,50,,30 ft.,,,,,,,,,,,,,,,,,,,,,,,,,,,
solar,Solar,Large,celestial,lawful good,,,243,18d10,26,22,26,25,25,30,"all, telepathy 120 ft.",21,7,33000,,50 ft.,,,14,14,,14,,,150 ft.,,17,,,,,,,,,,,,,,,,
specter,Specter,Medium,undead,chaotic evil,,,22,5d8,1,14,11,10,10,11,understands all languages it knew in life but can't speak,1,2,200,,0 ft.,,,,,,,,,50 ft.,,,,,,,,,,true,,,,,,,,
spider,Spider,Tiny,beast,unaligned,,,1,1d4,2,14,8,1,10,2,,0,2,10,,20 ft.,,,,,,,,,,,,4,,,,20 ft.,,,,,,,,,,,
spirit-naga,Spirit Naga,Large,monstrosity,chaotic evil,,,75,10d10,18,17,14,16,15,16,"Abyssal, Common",8,3,3900,,40 ft.,,5,,5,,,,,,6,6,,,,,,,,,,,,,,,,
sprite,Sprite,Tiny,fey,neutral good,,,2,1d4,3,18,10,14,13,11,"Common, Elvish, Sylvan",0.25,2,50,,10 ft.,,,,,,3,,,40 ft.,,,8,,,,,,,,,,,,,,,
spy,Spy,Medium,humanoid,any alignment,,,27,6d8,10,15,10,12,14,16,any two languages,1,2,200,,30 ft.,,,,,,6,,,,,,4,,5,4,,5,,,,,,,5,,,
steam-mephit,Steam Mephit,Small,elemental,neutral evil,,,21,6d6,5,11,10,11,10,12,"Aquan, Ignan",0.25,2,50,,30 ft.,,,,,,,,,30 ft.,,,,,,,,,,,,,,,,,,
stirge,Stirge,Tiny,beast,unaligned,,,2,1d4,4,16,11,2,8,6,,0.125,2,25,,10 ft.,,,,,,,,,40 ft.,,,,,,,,,,,,,,,,,,
stone-giant,Stone Giant,Huge,giant,neutral,,,126,11d12,23,15,20,10,12,9,Giant,7,3,2900,,40 ft.,,8,,4,,4,,,,5,,,,,,,,,,12,,,,,,,
stone-golem,Stone Golem,Large,construct,unaligned,,,178,17d10,22,9,20,3,11,1,understands the languages of its creator but can't speak,10,4,5900,,30 ft.,,,,,,,,,,,,,,,,,,,,,,,,,,,
storm-giant,Storm Giant,Huge,giant,chaotic good,,,230,20d12,29,14,20,16,18,18,"Common, Giant",13,5,10000,,50 ft.,50 ft.,10,,9,8,9,,,,,9,,,,,,,8,,14,,14,,,,,
succubus-incubus,Succubus/Incubus,Medium,fiend,neutral evil,,,66,12d8,8,17,13,15,12,20,"Abyssal, Common, Infernal, telepathy 60 ft.",4,2,1100,,30 ft.,,,,,,5,,,60 ft.,,,7,,9,5,,9,,,,,,,,,,
swarm-of-bats,Swarm of Bats,Medium,swarm of Tiny beasts,unaligned,,,22,5d8,5,15,10,2,12,4,,0.25,2,50,,0 ft.,,,,,,,,,30 ft.,,,,,,,,,,,,,,,,,,
swarm-of-beetles,Swarm of Beetles,Medium,swarm of Tiny beasts,unaligned,,,22,5d8,3,13,10,1,7,1,,0.5,2,100,,20 ft.,,,,,,,,,,,,,5 ft.,,,20 ft.,,,,,,,,,,,
swarm-of-centipedes,Swarm of Centipedes,Medium,swarm of Tiny beasts,unaligned,,,22,5d8,3,13,10,1,7,1,,0.5,2,100,,20 ft.,,,,,,,,,,,,,,,,20 ft.,,,,,,,,,,,
swarm-of-insects,Swarm of Insects,Medium,swarm of Tiny beasts,unaligned,,,22,5d8,3,13,10,1,7,1,,0.5,2,100,,20 ft.,,,,,,,,,,,,,,,,20 ft.,,,,,,,,,,,
swarm-of-poisonous-snakes,Swarm of Poisonous Snakes,Medium,swarm of Tiny beasts,unaligned,,,36,8d8,8,18,11,1,10,3,,2,2,450,,30 ft.,30 ft.,,,,,,,,,,,,,,,,,,,,,,,,,,
swarm-of-quippers,Swarm of Quippers,Medium,swarm of Tiny beasts,unaligned,,,28,8d8,13,16,9,1,7,2,,1,2,200,,0 ft.,40 ft.,,,,,,,,,,,,,,,,,,,,,,,,,,
swarm-of-rats,Swarm of Rats,Medium,swarm of Tiny beasts,unaligned,,,24,7d8,9,11,9,2,10,3,,0.25,2,50,,30 ft.,,,,,,,,,,,,,,,,,,,,,,,,,,,
swarm-of-ravens,Swarm of Ravens,Medium,swarm of Tiny beasts,unaligned,,,24,7d8,6,14,8,3,12,6,,0.25,2,50,,10 ft.,,,,,,,,,50 ft.,,,,,,,,,,,,,,,,,,
swarm-of-spiders,Swarm of Spiders,Medium,swarm of Tiny beasts,unaligned,,,22,5d8,3,13,10,1,7,1,,0.5,2,100,,20 ft.,,,,,,,,,,,,,,,,20 ft.,,,,,,,,,,,
swarm-of-wasps,Swarm of Wasps,Medium,swarm of Tiny beasts,unaligned,,,22,5d8,3,13,10,1,7,1,,0.5,2,100,,5 ft.,,,,,,,,,30 ft.,,,,,,,,,,,,,,,,,,
tarrasque,Tarrasque,Gargantuan,monstrosity,unaligned,,,676,33d20,30,11,30,3,11,11,,30,9,155000,,40 ft.,,,5,9,,,,,,,9,,,,,,,,,,,,,,,,
thug,Thug,Medium,humanoid,any non-good alignment,,,32,5d8,15,11,14,10,10,11,any one language (usually Common),0.5,2,100,,30 ft.,,,,,,,,,,,,,,,,,,,,,,,,,,2,
tiger,Tiger,Large,beast,unaligned,,,37,5d10,17,15,14,3,12,8,,1,2,200,,40 ft.,,,,,,3,,,,,,6,,,,,,,,,,,,,,,
treant,Treant,Huge,plant,chaotic good,,,138,12d12,23,8,21,12,16,12,"Common, Druidic, Elvish, Sylvan",9,4,5000,,30 ft.,,,,,,,,,,,,,,,,,,,,,,,,,,,
tribal-warrior,Tribal Warrior,Medium,humanoid,any alignment,,,11,2d8,13,11,12,8,11,8,any one language,0.125,2,25,,30 ft.,,,,,,,,,,,,,,,,,,,,,,,,,,,
triceratops,Triceratops,Huge,beast,unaligned,,,95,10d12,22,9,17,2,11,5,,5,3,1800,,50 ft.,,,,,,,,,,,,,,,,,,,,,,,,,,,
troll,Troll,Large,giant,chaotic evil,,,84,8d10,18,13,20,7,9,7,Giant,5,3,1800,,30 ft.,,,,,,2,,,,,,,,,,,,,,,,,,,,,
tyrannosaurus-rex,Tyrannosaurus Rex,Huge,beast,unaligned,,,136,13d12,25,10,19,2,12,9,,8,3,3900,,50 ft.,,,,,,4,,,,,,,,,,,,,,,,,,,,,
unicorn,Unicorn,Large,celestial,lawful good,,,67,9d10,18,14,15,11,17,16,"Celestial, Elvish, Sylvan, telepathy 60 ft.",5,3,1800,,50 ft.,,,,,,,,,,,,,,,,,,,,,,,,,,,
vampire-bat,"Vampire, Bat Form",Medium,undead,lawful evil,,,144,17d8,18,18,18,17,15,18,the languages it knew in life,13,5,10000,,5 ft.,,,,7,,7,,,30 ft.,9,9,9,,,,,,,,,,,,,,,
vampire-mist,"Vampire, Mist Form",Medium,undead,lawful evil,,,144,17d8,18,18,18,17,15,18,the languages it knew in life,13,5,10000,,,,,,7,,7,,,20 ft.,9,9,9,,,,,,,,,,,,,,,
vampire-spawn,Vampire Spawn,Medium,undead,neutral evil,,,82,11d8,16,16,16,11,10,12,the languages it knew in life,5,3,1800,,30 ft.,,,,3,,3,,,,6,,6,,,,,,,,,,,,,,,
vampire-vampire,"Vampire, Vampire Form",Medium,undead,lawful evil,,,144,17d8,18,18,18,17,15,18,the languages it knew in life,13,5,10000,,30 ft.,,,,7,,7,,,,9,9,9,,,,,,,,,,,,,,,
veteran,Veteran,Medium,humanoid,any alignment,,,58,9d8,16,13,14,10,11,10,any one language (usually Common),3,2,700,,30 ft.,,,,,,2,,,,,,,,,,,,,,5,,,,,,,
violet-fungus,Violet Fungus,Medium,plant,unaligned,,,18,4d8,3,1,10,1,3,1,,0.25,2,50,,5 ft.,,,,,,,,,,,,,,,,,,,,,,,,,,,
vrock,Vrock,Large,fiend,chaotic evil,,,104,11d10,17,15,18,8,13,8,"Abyssal, telepathy 120 ft.",6,3,2300,,40 ft.,,,,4,,,,,60 ft.,5,2,,,,,,,,,,,,,,,,
vulture,Vulture,Medium,beast,unaligned,,,5,1d8,7,10,13,2,12,4,,0,2,10,,10 ft.,,,,,,3,,,50 ft.,,,,,,,,,,,,,,,,,,
warhorse-skeleton,Warhorse Skeleton,Large,undead,lawful evil,,,22,3d10,18,12,15,2,8,5,,0.5,2,100,,60 ft.,,,,,,,,,,,,,,,,,,,,,,,,,,,
warhorse,Warhorse,Large,beast,unaligned,,,19,3d10,18,12,13,2,12,7,,0.5,2,100,/api/images/monsters/warhorse.png,60 ft.,,,,,,,,,,,,,,,,,,,,,,,,,,,
water-elemental,Water Elemental,Large,elemental,neutral,,,114,12d10,18,14,18,5,10,8,Aquan,5,3,1800,/api/images/monsters/water-elemental.png,30 ft.,90 ft.,,,,,,,,,,,,,,,,,,,,,,,,,,
weasel,Weasel,Tiny,beast,unaligned,,,1,1d4,3,16,8,2,12,3,,0,2,10,/api/images/monsters/weasel.png,30 ft.,,,,,,3,,,,,,5,,,,,,,,,,,,,,,
werebear-bear,"Werebear, Bear Form",Medium,humanoid,neutral good,,,135,18d8,19,10,17,11,12,12,,5,3,1800,,40 ft.,,,,,,7,,,,,,,,,,30 ft.,,,,,,,,,,,
werebear-human,"Werebear, Human Form",Medium,humanoid,neutral good,,,135,18d8,19,10,17,11,12,12,Common,5,3,1800,,30 ft.,,,,,,7,,,,,,,,,,,,,,,,,,,,,
werebear-hybrid,"Werebear, Hybrid Form",Medium,humanoid,neutral good,,,135,18d8,19,10,17,11,12,12,Common,5,3,1800,,40 ft.,,,,,,7,,,,,,,,,,30 ft.,,,,,,,,,,,
wereboar-boar,"Wereboar, Boar Form",Medium,humanoid,neutral evil,,,78,12d8,17,10,15,10,11,8,,4,2,1100,,40 ft.,,,,,,2,,,,,,,,,,,,,,,,,,,,,
wereboar-human,"Wereboar, Human Form",Medium,humanoid,neutral evil,,,78,12d8,17,10,15,10,11,8,Common (can't speak in boar form),4,2,1100,,30 ft.,,,,,,2,,,,,,,,,,,,,,,,,,,,,
wereboar-hybrid,"Wereboar, Hybrid Form",Medium,humanoid,neutral evil,,,78,12d8,17,10,15,10,11,8,Common,4,2,1100,,30 ft.,,,,,,2,,,,,,,,,,,,,,,,,,,,,
wererat-human,"Wererat, Human Form",Medium,humanoid,lawful evil,,,33,6d8,10,15,12,11,10,8,Common,2,2,450,,30 ft.,,,,,,2,,,,,,4,,,,,,,,,,,,,,,
wererat-hybrid,"Wererat, Hybrid Form",Medium,humanoid,lawful evil,,,33,6d8,10,15,12,11,10,8,Common,2,2,450,,30 ft.,,,,,,2,,,,,,4,,,,,,,,,,,,,,,
wererat-rat,"Wererat, Rat Form",Medium,humanoid,lawful evil,,,33,6d8,10,15,12,11,10,8,,2,2,450,,30 ft.,,,,,,2,,,,,,4,,,,,,,,,,,,,,,
weretiger-human,"Weretiger, Human Form",Medium,humanoid,neutral,,,120,16d8,17,15,16,10,13,11,Common,4,2,1100,,30 ft.,,,,,,5,,,,,,4,,,,,,,,,,,,,,,
weretiger-hybrid,"Weretiger, Hybrid Form",Medium,humanoid,neutral,,,120,16d8,17,15,16,10,13,11,Common,4,2,1100,,30 ft.,,,,,,5,,,,,,4,,,,,,,,,,,,,,,
weretiger-tiger,"Weretiger, Tiger Form",Medium,humanoid,neutral,,,120,16d8,17,15,16,10,13,11,,4,2,1100,,40 ft.,,,,,,5,,,,,,4,,,,,,,,,,,,,,,
werewolf-human,"Werewolf, Human Form",Medium,humanoid,chaotic evil,,,58,9d8,15,13,14,10,11,10,Common,3,2,700,,30 ft.,,,,,,4,,,,,,,,,,,,,,,,,,,,,
werewolf-hybrid,"Werewolf, Hybrid Form",Medium,humanoid,chaotic evil,,,58,9d8,15,13,14,10,11,10,Common,3,2,700,,30 ft.,,,,,,4,,,,,,,,,,,,,,,,,,,,,
werewolf-wolf,"Werewolf, Wolf Form",Medium,humanoid,chaotic evil,,,58,9d8,15,13,14,10,11,10,,3,2,700,,40 ft.,,,,,,4,,,,,,,,,,,,,,,,,,,,,
white-dragon-wyrmling,White Dragon Wyrmling,Medium,dragon,chaotic evil,,,32,5d8,14,10,14,5,10,11,Draconic,2,2,450,,30 ft.,30 ft.,4,,2,,4,,,60 ft.,2,2,2,15 ft.,,,,,,,,,,,,,,
wight,Wight,Medium,undead,neutral evil,,,45,6d8,15,14,16,10,13,15,the languages it knew in life,3,2,700,/api/images/monsters/wight.png,30 ft.,,,,,,3,,,,,,4,,,,,,,,,,,,,,,
will-o-wisp,Will-o'-Wisp,Tiny,undead,chaotic evil,,,22,9d4,1,28,10,13,14,11,the languages it knew in life,2,2,450,/api/images/monsters/will-o-wisp.png,0 ft.,,,,,,,,,50 ft.,,,,,,,,,,true,,,,,,,,
winter-wolf,Winter Wolf,Large,monstrosity,neutral evil,,,75,10d10,18,13,14,7,12,8,"Common, Giant, Winter Wolf",3,2,700,/api/images/monsters/winter-wolf.png,50 ft.,,,,,,5,,,,,,3,,,,,,,,,,,,,,,
wolf,Wolf,Medium,beast,unaligned,,,11,2d8,12,15,12,3,12,6,,0.25,2,50,/api/images/monsters/wolf.png,40 ft.,,,,,,3,,,,,,4,,,,,,,,,,,,,,,
worg,Worg,Large,monstrosity,neutral evil,,,26,4d10,16,13,13,7,11,8,"Goblin, Worg",0.5,2,100,/api/images/monsters/worg.png,50 ft.,,,,,,4,,,,,,,,,,,,,,,,,,,,,
wraith,Wraith,Medium,undead,neutral evil,,,67,9d8,6,16,16,12,14,15,the languages it knew in life,5,3,1800,/api/images/monsters/wraith.png,0 ft.,,,,,,,,,60 ft.,,,,,,,,,,true,,,,,,,,
wyvern,Wyvern,Large,dragon,unaligned,,,110,13d10,19,10,16,5,12,6,,6,3,2300,,20 ft.,,,,,,4,,,80 ft.,,,,,,,,,,,,,,,,,,
xorn,Xorn,Medium,elemental,neutral,,,73,7d8,17,10,22,11,10,11,Terran,5,3,1800,/api/images/monsters/xorn.png,20 ft.,,,,,,6,,,,,,3,20 ft.,,,,,,,,,,,,,,
young-black-dragon,Young Black Dragon,Large,dragon,chaotic evil,,,127,15d10,19,14,17,12,11,15,"Common, Draconic",7,3,2900,/api/images/monsters/young-black-dragon.png,40 ft.,40 ft.,6,,3,,6,,,80 ft.,5,5,5,,,,,,,,,,,,,,,
young-blue-dragon,Young Blue Dragon,Large,dragon,lawful evil,,,152,16d10,21,10,19,14,13,17,"Common, Draconic",9,4,5000,,40 ft.,,8,,5,,9,,,80 ft.,4,7,4,40 ft.,,,,,,,,,,,,,,
young-brass-dragon,Young Brass Dragon,Large,dragon,chaotic good,,,110,13d10,19,10,17,12,11,15,"Common, Draconic",6,3,2300,,40 ft.,,6,,3,,6,,,80 ft.,3,5,3,20 ft.,5,,,,,,,,,,,,,
young-bronze-dragon,Young Bronze Dragon,Large,dragon,lawful good,,,142,15d10,21,10,19,14,13,17,"Common, Draconic",8,3,3900,,40 ft.,40 ft.,7,,4,,7,,,80 ft.,3,6,3,,,4,,,,,,,,,,,,
young-copper-dragon,Young Copper Dragon,Large,dragon,chaotic good,,,119,14d10,19,12,17,16,13,15,"Common, Draconic",7,3,2900,,40 ft.,,6,,4,,7,,,80 ft.,4,5,4,,,,40 ft.,5,,,,,,,,,,
young-gold-dragon,Young Gold Dragon,Large,dragon,lawful good,,,178,17d10,23,14,21,16,13,20,"Common, Draconic",10,4,5900,,40 ft.,40 ft.,9,,5,,9,,,80 ft.,6,9,6,,9,5,,,,,,,,,,,,
young-green-dragon,Young Green Dragon,Large,dragon,lawful evil,,,136,16d10,19,12,17,16,13,15,"Common, Draconic",8,3,3900,,40 ft.,40 ft.,6,,4,,7,,,80 ft.,4,5,4,,,,,5,,,,,,,,,,
young-red-dragon,Young Red Dragon,Large,dragon,chaotic evil,,,178,17d10,23,10,21,14,11,19,"Common, Draconic",10,4,5900,,40 ft.,,9,,4,,8,,,80 ft.,4,8,4,,,,40 ft.,,,,,,,,,,,
young-silver-dragon,Young Silver Dragon,Large,dragon,lawful good,,,168,16d10,23,10,21,14,11,19,"Common, Draconic",9,4,5000,,40 ft.,,9,,4,6,8,,,80 ft.,4,8,4,,,,,,6,,,,,,,,,
young-white-dragon,Young White Dragon,Large,dragon,chaotic evil,,,133,14d10,18,10,18,6,11,12,"Common, Draconic",6,3,2300,,40 ft.,40 ft.,7,,3,,6,,,80 ft.,3,4,3,20 ft.,,,,,,,,,,,,,,
zombie,Zombie,Medium,undead,neutral evil,,,22,3d8,13,6,16,3,6,5,understands all languages it spoke in life but can't speak,0.25,2,50,/api/images/monsters/zombie.png,20 ft.,,,,0,,,,,,,,,,,,,,,,,,,,,,,

